sku_id,vendor_location,raw_title,raw_category,raw_color,raw_fabric,raw_price,vendor_notes
DHG-101,Jaipur,Anarkali Kurti with Gotapatti,womens kurtis,dusty gulabi,100% pure slub rayon with foil work,799,popular for mehndi and family functions
DHG-102,Tiruppur,Men Solid Polo T-Shirt,men basics,royal midnight navy blue,combed cotton pique blend,499,daily office and college casual
DHG-103,Jaipur,Straight Cut Daily Kurti,womenswear,light faded aasmaani,soft malmal cotton,549,office wear kurti breathable for summer
DHG-104,Tiruppur,Girls Festive Party Frock,kidswear,rani pinkish magenta,net fabric with satin inner lining,899,birthday party and wedding season wear
DHG-105,Jaipur,Bandhani Print Kurta Set,ethnic wear,haldi yellow,cotton silk blend with dupatta,1299,haldi function special festive wear
DHG-106,Tiruppur,Boys Cotton School Shirt,kids,safed,poly cotton easy iron,399,school ke liye shirt regular uniform
DHG-107,Jaipur,A-Line Casual Kurti,ladies tops,tamatar red,100% bio wash cotton,649,everyday home and market wear
DHG-108,Tiruppur,Men Slim Fit Chino Pants,men,charcoal black,98% cotton 2% lycra stretch,999,formal office and evening dinner
DHG-109,Jaipur,Georgette Party Saree,sarees,emerald green,faux georgette with zari border,1199,reception and shaadi guest look
DHG-110,Tiruppur,Boys Denim Shorts,kidswear,dark indigo navy,rugged cotton denim,499,summer vacation playtime
DHG-111,Jaipur,Printed Rayon Nightsuit,loungewear,creamish badami off-white,super soft rayon 140 gsm,699,ghar pe pehne ke liye comfortable pyjama set
DHG-112,Tiruppur,Basic Crewneck T-Shirt 2-Pack,men basics,pista green,100% carded cotton,599,gym workout and daily innerwear
DHG-113,Jaipur,Embroidered Alia Cut Kurti,womenswear,deep wine purple,modal silk with thread work,1099,puja and diwali festival ready
DHG-114,Jaipur,Tie and Dye Maxi Dress,dresses,coral peach,crinkled cotton crepe,899,beach holiday and brunch wear
DHG-999,Jaipur,Conflicted Spec Kurti Sample,unknown,weird mixture blend,100% heavy denim silk velvet,450,do not wash do not dry clean tight oversized fit
